,Player,Year,Draft pick,Height (No Shoes),Height (With Shoes),Wingspan,Standing reach,Vertical (Max),Vertical (Max Reach),Vertical (No Step),Vertical (No Step Reach),Weight,Body Fat,Hand (Length),Hand (Width),Bench,Agility,Sprint,GP,MIN,PTS,FGM,FGA,FG%,3P Made,3PA,3P%,FTM,FTA,FT%,OREB,DREB,REB,AST,STL,BLK,TOV
0,Andre Drummond,2012.0,9.0,81.75,83.75,90.25,109.5,33.5,143.0,31.5,141.0,279.0,7.5,9.5,9.5,10.0,10.83,3.39,60.0,20.7,7.9,3.5,5.7,60.8,0.0,0.0,50.0,1.0,2.7,37.1,2.8,4.8,7.6,0.5,1.0,1.6,0.9
1,Anthony Davis,2012.0,1.0,81.25,82.5,89.5,108.0,36.638888888888886,138.64444444444445,30.916666666666668,132.92222222222222,222.0,7.9,9.0,8.5,9.546875,11.233068181818185,3.292272727272726,64.0,28.8,13.5,5.5,10.6,51.6,0.0,0.1,0.0,2.6,3.5,75.1,2.6,5.6,8.2,1.0,1.2,1.8,1.4
2,Arnett Moultrie,2012.0,27.0,81.5,82.75,86.25,106.5,37.5,144.0,33.5,140.0,233.0,7.7,9.25,9.25,10.0,11.32,3.22,47.0,11.5,3.7,1.7,2.9,58.2,0.0,0.0,0.0,0.4,0.6,64.3,1.6,1.5,3.1,0.2,0.4,0.2,0.4
3,Austin Rivers,2012.0,10.0,75.5,77.0,79.25,96.5,37.5,134.0,32.5,129.0,203.0,6.2,8.5,10.0,1.0,11.54,3.32,61.0,23.2,6.2,2.4,6.4,37.2,0.5,1.4,32.6,1.0,1.8,54.6,0.3,1.5,1.8,2.1,0.4,0.1,1.2
4,Bernard James,2012.0,33.0,80.75,82.0,87.0,108.5,32.5,141.0,30.0,138.5,230.0,5.0,9.0,9.25,6.0,11.84,3.4,46.0,9.9,2.8,1.2,2.2,51.5,0.0,0.0,0.0,0.5,0.9,61.0,1.1,1.7,2.8,0.1,0.3,0.8,0.4
5,Bradley Beal,2012.0,3.0,75.25,76.75,80.0,100.0,39.0,139.0,33.0,133.0,202.0,6.0,8.5,9.0,8.0,10.95,3.28,56.0,31.2,13.9,5.0,12.3,41.0,1.6,4.2,38.6,2.2,2.8,78.6,0.8,3.0,3.8,2.4,0.9,0.5,1.6
6,Damian Lillard,2012.0,6.0,73.75,74.75,79.75,95.5,39.5,135.0,34.5,130.0,189.0,5.9,8.75,9.75,13.0,11.15,3.34,82.0,38.6,19.0,6.7,15.7,42.9,2.3,6.1,36.8,3.3,3.9,84.4,0.5,2.6,3.1,6.5,0.9,0.2,3.0
7,Darius Miller,2012.0,46.0,78.0,79.5,81.0,101.0,37.0,138.0,33.0,134.0,233.0,7.5,8.5,8.75,14.0,11.34,3.31,52.0,13.3,2.3,0.8,2.1,40.7,0.4,1.1,39.3,0.2,0.2,100.0,0.2,1.3,1.5,0.8,0.3,0.2,0.4
8,Dion Waiters,2012.0,4.0,74.5,76.0,79.25,98.0,36.638888888888886,138.64444444444445,30.916666666666668,132.92222222222222,221.0,8.5,8.5,9.5,9.546875,11.233068181818185,3.292272727272726,61.0,28.8,14.7,5.5,13.4,41.2,1.0,3.3,31.0,2.6,3.5,74.6,0.4,2.1,2.4,3.0,1.0,0.3,2.0
9,Doron Lamb,2012.0,42.0,75.25,76.75,78.75,98.5,33.5,132.0,29.0,127.5,199.0,6.7,8.5,8.75,2.0,11.12,3.41,47.0,12.3,3.3,1.3,3.5,36.8,0.3,0.8,37.8,0.4,0.7,58.8,0.2,0.8,1.0,0.7,0.3,0.0,0.6
10,Draymond Green,2012.0,35.0,77.75,79.5,85.25,105.0,33.0,138.0,28.0,133.0,236.0,11.3,9.0,9.5,9.0,11.01,3.4,79.0,13.4,2.9,1.1,3.3,32.7,0.2,0.8,20.9,0.6,0.7,81.8,0.7,2.6,3.3,0.7,0.5,0.3,0.7
11,Harrison Barnes,2012.0,7.0,79.0,80.0,83.25,101.5,39.5,141.0,38.0,139.5,228.0,9.6,9.0,8.5,15.0,10.93,3.16,81.0,25.4,9.2,3.4,7.8,43.9,0.6,1.8,35.9,1.8,2.3,75.8,0.7,3.5,4.1,1.2,0.6,0.2,1.3
12,Hollis Thompson,2012.0,24.01923076923077,78.75,80.0,81.5,102.5,36.5,139.0,28.5,131.0,206.0,6.0,8.25,9.75,6.0,11.72,3.38,77.0,22.6,6.0,2.2,4.8,46.0,0.9,2.2,40.1,0.7,0.9,71.2,0.9,2.3,3.2,0.9,0.7,0.2,0.8
13,Jae Crowder,2012.0,34.0,76.75,78.5,81.25,99.5,34.5,134.0,31.0,130.5,241.0,9.0,9.5,10.5,20.0,11.45,3.37,78.0,17.3,5.0,1.8,4.7,38.4,0.8,2.5,32.8,0.6,0.9,64.4,0.4,1.9,2.4,1.2,0.8,0.2,0.6
14,Jared Sullinger,2012.0,21.0,79.75,81.0,85.25,105.5,31.0,136.5,29.5,135.0,268.0,10.7,9.25,9.75,9.0,12.77,3.81,45.0,19.8,6.0,2.5,5.0,49.3,0.0,0.1,20.0,1.0,1.4,74.6,2.0,3.8,5.9,0.8,0.5,0.5,0.6
15,Jeff Taylor,2012.0,31.0,78.0,79.25,78.25,101.5,40.0,141.5,33.5,135.0,213.0,4.2,8.25,9.75,15.0,10.87,3.29,44.0,17.6,3.6,1.5,3.6,40.0,0.0,0.0,0.0,0.7,1.0,65.2,0.6,1.2,1.8,2.5,0.9,0.3,1.4
16,Jeff Taylor,2012.0,31.0,78.0,79.25,78.25,101.5,40.0,141.5,33.5,135.0,213.0,4.2,8.25,9.75,15.0,10.87,3.29,77.0,19.6,6.1,2.2,5.2,43.1,0.7,2.0,34.4,1.0,1.3,72.8,0.7,1.3,1.9,0.8,0.6,0.2,0.6
17,Jeremy Lamb,2012.0,12.0,76.0,77.25,83.0,102.0,38.0,140.0,31.5,133.5,179.0,4.5,8.75,9.25,5.0,10.98,3.25,23.0,6.4,3.1,1.0,3.0,35.3,0.4,1.3,30.0,0.6,0.6,100.0,0.2,0.6,0.8,0.2,0.1,0.1,0.3
18,John Henson,2012.0,14.0,81.0,82.5,89.0,112.0,30.0,142.0,25.5,137.5,216.0,8.6,9.25,10.0,5.0,11.233068181818185,3.292272727272726,63.0,13.1,6.0,2.6,5.3,48.2,0.0,0.0,0.0,0.9,1.7,53.3,1.8,2.9,4.7,0.5,0.3,0.7,0.8
19,John Jenkins,2012.0,23.0,75.25,76.25,80.5,98.0,36.5,134.5,30.5,128.5,212.0,7.1,9.0,9.0,10.0,11.36,3.37,61.0,14.8,6.1,2.1,4.8,44.6,0.9,2.3,38.4,1.0,1.1,84.3,0.3,1.3,1.5,0.9,0.2,0.2,0.7
20,Kendall Marshall,2012.0,13.0,75.25,76.25,77.5,96.0,37.0,133.0,31.0,127.0,198.0,7.8,8.5,9.0,9.546875,12.03,3.23,48.0,14.6,3.0,1.2,3.1,37.1,0.5,1.5,31.5,0.2,0.3,57.1,0.1,0.8,0.9,3.0,0.5,0.1,1.2
21,Kim English,2012.0,44.0,76.5,77.75,78.5,98.0,36.5,134.5,29.0,127.0,192.0,4.3,8.5,8.75,9.546875,10.59,3.33,41.0,9.9,2.9,1.0,2.7,37.5,0.3,1.2,28.0,0.5,0.7,72.4,0.2,0.7,0.9,0.6,0.4,0.1,0.5
22,Kyle O'Quinn,2012.0,49.0,80.5,82.0,88.75,106.5,31.5,138.0,31.5,138.0,241.0,8.0,9.5,10.0,9.546875,11.65,3.53,57.0,11.2,4.1,1.8,3.5,51.3,0.0,0.0,0.0,0.5,0.8,66.7,1.1,2.5,3.7,0.9,0.2,0.5,0.7
23,Marquis Teague,2012.0,29.0,73.0,74.0,79.25,96.5,40.5,137.0,32.5,129.0,180.0,6.3,8.25,7.75,8.0,10.65,3.19,48.0,8.2,2.1,0.9,2.4,38.1,0.1,0.5,17.4,0.2,0.3,56.3,0.1,0.9,0.9,1.3,0.2,0.1,0.7
24,Meyers Leonard,2012.0,11.0,83.75,85.25,87.0,108.0,32.5,140.5,30.0,138.0,250.0,5.7,9.25,11.0,19.0,11.34,3.41,69.0,17.5,5.5,2.2,4.0,54.5,0.0,0.1,42.9,1.0,1.3,80.9,1.2,2.5,3.7,0.5,0.2,0.6,0.7
25,Michael Kidd-Gilchrist,2012.0,2.0,77.75,79.5,84.0,104.5,35.5,140.0,32.0,136.5,233.0,7.0,9.0,10.25,6.0,11.77,3.18,78.0,26.0,9.0,3.6,7.9,45.8,0.0,0.1,22.2,1.8,2.4,74.9,1.7,4.2,5.8,1.5,0.7,0.9,1.3
26,Mike Scott,2012.0,43.0,79.25,80.75,82.75,104.0,32.5,136.5,27.0,131.0,241.0,10.6,8.5,9.0,14.0,11.59,3.44,40.0,9.4,4.6,1.8,3.7,47.6,0.0,0.0,0.0,1.1,1.4,76.8,1.0,1.8,2.8,0.3,0.1,0.1,0.5
27,Orlando Johnson,2012.0,36.0,75.75,77.25,83.25,99.0,39.5,138.5,32.0,131.0,224.0,7.0,9.0,9.5,13.0,10.98,3.25,51.0,12.1,4.0,1.4,3.5,40.0,0.7,1.8,38.3,0.5,0.6,71.9,0.4,1.8,2.2,0.9,0.2,0.2,0.6
28,Robbie Hummel,2012.0,58.0,79.25,80.5,80.5,102.0,30.0,132.0,27.5,129.5,218.0,9.4,8.5,9.5,13.0,11.56,3.41,53.0,12.4,3.4,1.3,3.3,37.9,0.6,1.7,36.0,0.3,0.3,93.8,0.7,1.8,2.5,0.4,0.3,0.0,0.2
29,Terrence Ross,2012.0,8.0,78.0,79.0,79.25,100.5,37.5,138.0,31.0,131.5,197.0,3.2,8.75,10.25,2.0,11.78,3.28,73.0,17.0,6.4,2.5,6.3,40.7,0.9,2.7,33.2,0.4,0.6,71.4,0.5,1.5,2.0,0.7,0.6,0.2,0.7
30,Thomas Robinson,2012.0,5.0,79.75,80.75,87.25,106.0,35.5,141.5,28.5,134.5,244.0,5.0,9.75,10.5,15.0,11.96,3.17,70.0,15.1,4.8,2.0,4.6,43.0,0.0,0.0,0.0,0.8,1.6,52.3,1.7,2.8,4.5,0.7,0.6,0.4,1.3
31,Tony Wroten,2012.0,25.0,76.75,78.0,81.0,101.0,35.5,136.5,30.0,131.0,203.0,5.2,8.0,9.0,9.546875,10.75,3.24,35.0,7.8,2.6,0.9,2.5,38.4,0.1,0.5,25.0,0.6,0.8,72.4,0.4,0.4,0.8,1.2,0.2,0.1,0.8
32,Tyler Zeller,2012.0,17.0,83.25,84.5,84.0,104.5,34.0,138.5,30.0,134.5,247.0,6.4,9.0,9.75,16.0,11.13,3.4,77.0,26.4,7.9,3.2,7.3,43.8,0.0,0.1,0.0,1.6,2.0,76.4,2.1,3.6,5.7,1.2,0.5,0.9,1.2
33,Will Barton,2012.0,40.0,77.0,78.0,81.75,102.5,34.0,136.5,30.0,132.5,174.0,4.1,9.0,9.5,9.546875,12.5,3.6,73.0,12.2,4.0,1.6,4.2,38.2,0.1,0.9,13.8,0.7,0.9,76.9,0.5,1.5,2.0,0.8,0.5,0.1,0.8
34,Andre Roberson,2013.0,26.0,78.25,79.0,83.0,104.5,36.5,141.0,30.0,134.5,206.0,7.1,8.75,9.5,10.0,11.36,3.34,40.0,10.0,1.9,0.8,1.7,48.5,0.1,0.3,15.4,0.2,0.3,70.0,0.9,1.5,2.4,0.4,0.5,0.3,0.5
35,Archie Goodwin,2013.0,29.0,75.75,77.25,81.5,102.0,36.0,138.0,30.0,132.0,189.0,4.6,8.5,9.0,1.0,10.75,3.27,52.0,10.3,3.7,1.5,3.2,45.5,0.1,0.7,13.9,0.7,1.1,67.3,0.5,1.2,1.7,0.4,0.4,0.2,0.8
36,Ben McLemore,2013.0,7.0,75.5,76.75,79.75,100.5,42.0,142.5,32.5,133.0,189.0,5.0,8.75,9.5,6.0,11.87,3.27,82.0,26.7,8.8,3.1,8.3,37.6,1.2,3.6,32.0,1.4,1.7,80.4,0.6,2.2,2.9,1.0,0.6,0.2,1.2
37,Brandon Davies,2013.0,24.01923076923077,80.5,82.25,85.5,108.5,31.5,140.0,26.0,134.5,242.0,8.6,9.0,11.0,7.0,11.22,3.5,51.0,11.3,2.8,1.1,2.5,42.2,0.0,0.2,20.0,0.7,1.0,64.2,0.7,1.4,2.1,0.5,0.5,0.2,0.7
38,C.J. McCollum,2013.0,10.0,74.25,75.25,78.25,96.5,38.5,135.0,32.0,128.5,197.0,8.6,8.0,9.5,13.0,11.02,3.32,38.0,12.5,5.3,1.9,4.7,41.6,0.8,2.1,37.5,0.6,0.9,67.6,0.2,1.1,1.3,0.7,0.4,0.1,0.9
39,Cody Zeller,2013.0,4.0,82.75,84.25,82.75,106.0,37.5,143.5,35.5,141.5,230.0,4.8,8.5,10.5,17.0,10.82,3.15,82.0,17.3,6.0,2.1,4.9,42.6,0.0,0.0,0.0,1.8,2.4,73.0,1.4,2.9,4.3,1.1,0.5,0.5,1.1
40,Glen Rice,2013.0,35.0,76.5,77.75,81.25,101.5,40.5,142.0,33.0,134.5,211.0,8.5,8.5,9.0,10.0,10.99,3.25,77.0,30.0,13.6,6.1,13.9,43.9,0.2,0.9,24.6,1.2,1.6,73.4,1.3,3.3,4.6,1.8,0.9,0.3,1.5
41,Glen Rice,2013.0,35.0,76.5,77.75,81.25,101.5,40.5,142.0,33.0,134.5,211.0,8.5,8.5,9.0,10.0,10.99,3.25,77.0,30.0,13.6,6.1,13.9,43.9,0.2,0.9,24.6,1.2,1.6,73.4,1.3,3.3,4.6,1.8,0.9,0.3,1.5
42,Jeff Withey,2013.0,39.0,82.75,84.5,86.0,110.5,29.0,139.5,26.5,137.0,222.0,8.7,9.0,9.75,10.0,12.49,3.47,58.0,11.8,3.3,1.2,2.2,53.5,0.0,0.0,0.0,0.9,1.3,71.2,0.8,1.7,2.6,0.4,0.3,0.9,0.3
43,Kentavious Caldwell-Pope,2013.0,8.0,76.5,77.5,80.0,100.5,34.5,135.0,29.0,129.5,204.0,6.5,8.5,9.0,7.0,10.6,3.12,80.0,19.8,5.9,2.3,5.8,39.6,0.7,2.3,31.9,0.6,0.8,77.0,0.5,1.5,2.0,0.7,0.9,0.1,0.3
44,Mason Plumlee,2013.0,22.0,83.25,84.5,83.0,108.0,36.0,144.0,30.5,138.5,238.0,6.2,9.75,9.5,14.0,10.89,3.29,70.0,18.2,7.4,2.8,4.3,65.9,0.0,0.0,0.0,1.7,2.8,62.6,1.4,3.0,4.4,0.9,0.7,0.8,1.1
45,Michael Carter-Williams,2013.0,11.0,76.75,77.75,79.25,101.0,41.0,142.0,31.5,132.5,184.0,4.4,7.5,8.5,8.0,10.68,3.22,70.0,34.5,16.7,6.1,15.1,40.5,0.8,3.0,26.4,3.7,5.2,70.3,1.4,4.8,6.2,6.3,1.9,0.6,3.5
46,Nate Wolters,2013.0,38.0,75.5,76.75,75.75,98.0,36.638888888888886,138.64444444444445,30.916666666666668,132.92222222222222,196.0,5.5,8.25,8.75,8.0,11.233068181818185,3.292272727272726,58.0,22.6,7.2,2.9,6.7,43.7,0.3,1.1,29.0,1.0,1.6,65.6,0.6,2.0,2.6,3.2,0.6,0.3,1.0
47,Nerlens Noel,2013.0,6.0,82.0,83.75,87.75,110.0,36.638888888888886,138.64444444444445,30.916666666666668,132.92222222222222,206.0,4.2,9.5,10.0,9.546875,11.233068181818185,3.292272727272726,75.0,30.8,9.9,4.0,8.7,46.2,0.0,0.0,0.0,1.9,3.1,60.9,2.5,5.7,8.1,1.7,1.8,1.9,1.9
48,Otto Porter,2013.0,3.0,79.5,80.5,85.5,105.5,36.0,141.5,27.0,132.5,198.0,6.7,8.75,9.25,9.0,11.25,3.4,37.0,8.6,2.1,0.9,2.5,36.3,0.1,0.6,19.0,0.2,0.3,66.7,0.6,1.0,1.5,0.3,0.2,0.0,0.4
49,Peyton Siva,2013.0,56.0,71.5,73.0,75.0,93.0,41.5,134.5,33.5,126.5,181.0,6.1,8.0,9.75,15.0,10.59,3.16,24.0,9.3,2.3,0.8,2.4,31.6,0.3,1.0,28.0,0.5,0.6,73.3,0.1,0.5,0.6,1.4,0.4,0.0,0.8
50,Phil Pressey,2013.0,24.01923076923077,69.5,71.5,74.25,92.0,38.5,130.5,33.0,125.0,177.0,4.7,7.75,9.75,7.0,10.86,3.13,75.0,15.1,2.8,1.0,3.4,30.8,0.4,1.4,26.4,0.4,0.6,64.4,0.3,1.1,1.4,3.2,0.9,0.1,1.2
51,Ray McCallum,2013.0,36.0,72.25,73.75,75.25,96.5,40.0,136.5,30.5,127.0,191.0,7.3,8.0,8.75,5.0,10.82,3.25,45.0,19.9,6.2,2.5,6.7,37.7,0.5,1.3,37.3,0.7,1.0,74.4,0.4,1.4,1.8,2.7,0.5,0.2,0.9
52,Reggie Bullock,2013.0,25.0,77.75,79.0,80.75,102.0,36.5,138.5,31.0,133.0,200.0,7.0,8.5,9.0,11.0,11.33,3.31,43.0,9.2,2.7,1.0,2.8,35.5,0.5,1.7,30.1,0.2,0.2,77.8,0.3,1.0,1.3,0.3,0.2,0.0,0.3
53,Ryan Kelly,2013.0,48.0,81.75,83.75,83.5,110.0,36.638888888888886,138.64444444444445,30.916666666666668,132.92222222222222,228.0,14.8,9.0,10.0,9.546875,11.233068181818185,3.292272727272726,59.0,22.2,8.0,2.7,6.3,42.3,0.8,2.4,33.8,1.9,2.3,81.5,0.7,3.0,3.7,1.6,0.5,0.8,0.8
54,Shabazz Muhammad,2013.0,14.0,76.75,78.25,83.0,104.5,37.0,141.5,29.5,134.0,222.0,9.0,9.0,10.0,10.0,10.99,3.32,37.0,7.8,3.9,1.5,3.4,46.0,0.1,0.3,27.3,0.7,1.1,65.0,0.6,0.8,1.4,0.2,0.2,0.0,0.4
55,Solomon Hill,2013.0,23.0,77.5,79.0,81.0,103.0,37.5,140.5,29.5,132.5,226.0,7.6,9.0,10.5,14.0,10.77,3.19,28.0,8.1,1.7,0.6,1.4,42.5,0.3,0.8,30.4,0.2,0.3,85.7,0.3,1.1,1.5,0.4,0.2,0.1,0.5
56,Tony Snell,2013.0,20.0,78.0,79.25,83.5,105.5,36.5,142.0,30.0,135.5,198.0,4.9,9.0,9.5,7.0,10.36,3.25,77.0,16.0,4.5,1.7,4.4,38.4,0.7,2.3,32.0,0.4,0.5,75.6,0.2,1.4,1.6,0.9,0.4,0.2,0.6
57,Trey Burke,2013.0,9.0,71.75,73.25,77.5,97.5,36.5,134.0,29.5,127.0,187.0,6.9,8.25,8.75,3.0,11.2,3.16,70.0,32.3,12.8,4.9,12.8,38.0,1.6,4.8,33.0,1.5,1.6,90.3,0.5,2.4,3.0,5.7,0.6,0.1,1.9
58,Victor Oladipo,2013.0,2.0,75.25,76.25,81.25,100.5,42.0,142.5,33.0,133.5,213.0,6.6,8.75,9.25,15.0,10.69,3.25,80.0,31.1,13.8,4.9,11.7,41.9,0.9,2.8,32.7,3.1,4.0,78.0,0.5,3.6,4.1,4.1,1.6,0.5,3.2
59,Aaron Gordon,2014.0,4.0,79.5,80.75,83.75,105.0,39.0,144.0,32.5,137.5,220.0,5.1,8.75,10.5,9.546875,10.81,3.27,47.0,17.0,5.2,2.0,4.4,44.7,0.3,1.0,27.1,0.9,1.3,72.1,1.0,2.6,3.6,0.7,0.5,0.5,0.8
60,Adreian Payne,2014.0,15.0,81.0,81.75,88.0,109.0,36.638888888888886,138.64444444444445,30.916666666666668,132.92222222222222,239.0,7.6,9.25,9.5,9.546875,11.233068181818185,3.292272727272726,32.0,23.1,6.7,2.8,6.9,41.4,0.0,0.3,11.1,0.9,1.4,65.2,1.5,3.6,5.1,0.9,0.6,0.3,1.4
61,Cleanthony Early,2014.0,34.0,78.0,79.25,82.75,101.5,40.0,141.5,34.0,135.5,209.0,4.5,8.5,9.0,9.546875,11.15,3.18,39.0,16.6,5.4,1.9,5.5,35.5,0.6,2.2,26.2,0.9,1.2,75.0,0.6,1.9,2.5,0.9,0.6,0.3,1.0
62,Cory Jefferson,2014.0,60.0,79.75,81.0,84.5,105.0,37.5,142.5,33.0,138.0,218.0,5.3,8.75,9.75,9.546875,12.63,3.36,50.0,10.6,3.7,1.5,3.3,44.9,0.0,0.3,13.3,0.6,1.1,57.4,0.9,2.0,2.9,0.3,0.2,0.4,0.4
63,Elfrid Payton,2014.0,10.0,74.5,75.75,80.0,98.5,35.5,134.0,31.5,130.0,185.0,5.7,8.75,9.0,9.546875,11.06,3.23,82.0,30.4,8.9,3.7,8.6,42.5,0.1,0.5,26.2,1.4,2.6,55.1,1.3,3.0,4.3,6.5,1.7,0.2,2.5
64,Gary Harris,2014.0,19.0,74.5,76.5,78.75,96.0,36.638888888888886,138.64444444444445,30.916666666666668,132.92222222222222,205.0,4.6,8.5,9.5,9.546875,11.233068181818185,3.292272727272726,55.0,13.1,3.4,1.2,3.9,30.4,0.4,1.9,20.4,0.6,0.9,74.5,0.4,0.8,1.2,0.5,0.7,0.1,0.7
65,Glenn Robinson,2014.0,40.0,77.5,78.75,82.0,100.5,41.5,142.0,36.5,137.0,211.0,5.1,9.0,9.5,9.546875,11.22,3.15,80.0,37.0,21.9,8.0,17.6,45.1,1.1,3.4,32.1,5.0,6.2,79.6,2.1,4.3,6.4,2.5,1.4,0.3,3.9
66,Glenn Robinson,2014.0,40.0,77.5,78.75,82.0,100.5,41.5,142.0,36.5,137.0,211.0,5.1,9.0,9.5,9.546875,11.22,3.15,80.0,37.0,21.9,8.0,17.6,45.1,1.1,3.4,32.1,5.0,6.2,79.6,2.1,4.3,6.4,2.5,1.4,0.3,3.9
67,James Young,2014.0,17.0,77.25,78.75,84.0,104.0,35.5,139.5,28.0,132.0,213.0,5.1,9.0,9.5,9.546875,11.233068181818185,3.292272727272726,31.0,10.7,3.4,1.2,3.3,35.3,0.5,2.1,25.8,0.5,0.9,55.2,0.3,1.1,1.4,0.4,0.3,0.1,0.2
68,Jerami Grant,2014.0,39.0,78.5,79.75,86.75,107.0,36.638888888888886,138.64444444444445,30.916666666666668,132.92222222222222,214.0,3.8,9.25,9.25,9.546875,11.233068181818185,3.292272727272726,65.0,21.2,6.3,1.9,5.4,35.2,0.8,2.4,31.4,1.8,3.0,59.1,0.8,2.3,3.0,1.2,0.6,1.1,1.3
69,Johnny O'Bryant,2014.0,36.0,79.25,80.5,86.25,105.0,35.5,140.5,31.0,136.0,257.0,10.8,9.25,9.5,9.546875,11.57,3.45,34.0,10.8,2.9,1.3,3.5,36.7,0.0,0.0,0.0,0.4,0.8,44.4,0.8,1.1,1.9,0.5,0.1,0.1,0.7
70,Jordan Clarkson,2014.0,46.0,75.25,77.0,80.0,98.0,38.5,136.5,33.0,131.0,186.0,4.3,8.25,9.0,9.546875,10.76,3.28,59.0,25.0,11.9,4.5,10.1,44.8,0.6,2.1,31.4,2.2,2.7,82.9,0.9,2.3,3.2,3.5,0.9,0.2,1.6
71,K.J. McDaniels,2014.0,32.0,76.5,78.0,83.25,102.0,37.0,139.0,33.0,135.0,196.0,4.5,8.75,9.75,9.546875,12.71,3.1,62.0,21.8,7.9,2.8,7.0,39.6,0.7,2.4,28.7,1.6,2.1,75.2,1.0,2.2,3.2,1.2,0.7,1.1,1.7
72,Kyle Anderson,2014.0,30.0,79.5,80.5,86.75,107.5,36.638888888888886,138.64444444444445,30.916666666666668,132.92222222222222,230.0,13.4,8.25,8.75,9.546875,11.233068181818185,3.292272727272726,33.0,10.8,2.2,0.9,2.7,34.8,0.1,0.3,27.3,0.3,0.4,64.3,0.2,2.0,2.2,0.8,0.5,0.2,0.3
73,Lamar Patterson,2014.0,48.0,76.0,77.25,83.0,101.0,32.5,133.5,27.5,128.5,226.0,10.8,9.0,9.25,9.546875,11.63,3.45,35.0,11.3,2.4,0.8,2.3,35.0,0.3,1.4,24.5,0.5,0.6,72.7,0.1,1.3,1.4,1.1,0.3,0.1,0.7
74,Marcus Smart,2014.0,6.0,74.0,75.25,81.25,99.0,36.0,135.0,33.0,132.0,227.0,10.6,9.0,8.75,9.546875,10.82,3.26,67.0,27.0,7.8,2.6,7.1,36.7,1.4,4.1,33.5,1.2,1.9,64.6,0.9,2.4,3.3,3.1,1.5,0.3,1.3
75,Markel Brown,2014.0,44.0,74.5,75.5,80.75,100.0,43.5,143.5,36.5,136.5,184.0,4.2,8.25,9.75,9.546875,12.62,3.18,47.0,16.6,4.6,1.6,4.5,36.2,0.4,1.4,26.6,1.0,1.2,82.5,0.3,1.9,2.3,0.8,0.7,0.3,0.6
76,Noah Vonleh,2014.0,9.0,80.0,81.5,88.25,108.0,37.0,145.0,31.0,139.0,247.0,7.3,9.75,11.75,9.546875,11.45,3.28,25.0,10.4,3.3,1.2,3.0,39.5,0.2,0.5,38.5,0.7,1.0,69.2,1.1,2.3,3.4,0.2,0.2,0.4,0.4
77,P.J. Hairston,2014.0,26.0,76.25,77.25,81.0,101.0,37.0,138.0,32.0,133.0,229.0,8.2,8.75,9.75,9.546875,11.12,3.32,45.0,15.3,5.6,1.9,6.0,32.3,1.1,3.6,30.1,0.7,0.8,86.1,0.5,1.6,2.0,0.5,0.5,0.3,0.5
78,Rodney Hood,2014.0,23.0,79.25,80.5,80.5,103.0,36.0,139.0,29.0,132.0,208.0,7.5,8.5,8.5,9.546875,11.21,3.38,50.0,21.3,8.7,3.1,7.5,41.4,1.2,3.4,36.5,1.2,1.6,76.3,0.2,2.2,2.3,1.7,0.6,0.2,0.9
79,Semaj Christon,2014.0,55.0,73.5,75.25,78.5,99.0,36.5,135.5,30.5,129.5,186.0,5.3,8.5,8.25,9.546875,11.55,3.32,33.0,15.6,3.0,1.3,4.0,31.8,0.2,1.1,16.7,0.3,0.5,52.9,0.4,1.0,1.4,2.5,0.4,0.1,0.7
80,Shabazz Napier,2014.0,24.0,71.0,73.0,75.25,93.0,37.5,130.5,30.5,123.5,175.0,7.4,8.25,8.5,9.546875,11.6,3.2,51.0,19.8,5.1,1.7,4.5,38.2,0.8,2.3,36.4,0.9,1.1,78.6,0.3,1.9,2.2,2.5,0.8,0.1,1.6
81,Spencer Dinwiddie,2014.0,38.0,76.5,78.0,80.25,103.0,36.638888888888886,138.64444444444445,30.916666666666668,132.92222222222222,205.0,5.4,8.25,9.0,9.546875,11.233068181818185,3.292272727272726,34.0,13.4,4.3,1.5,5.0,30.2,0.4,1.9,18.5,0.9,1.0,91.2,0.1,1.3,1.4,3.1,0.6,0.2,1.0
82,T.J. Warren,2014.0,14.0,79.0,80.25,82.25,104.0,35.5,139.5,27.0,131.0,220.0,8.0,8.75,9.0,9.546875,11.1,3.26,40.0,15.4,6.1,2.8,5.4,52.8,0.1,0.5,23.8,0.4,0.5,73.7,1.0,1.1,2.1,0.6,0.5,0.2,0.7
83,Zach LaVine,2014.0,13.0,76.5,77.75,80.25,100.0,41.5,141.5,33.5,133.5,181.0,4.7,8.25,8.75,9.546875,10.42,3.19,77.0,24.7,10.1,3.7,8.8,42.2,0.7,2.2,34.1,1.9,2.3,84.2,0.4,2.4,2.8,3.6,0.7,0.1,2.5
84,Andrew Harrison,2015.0,44.0,76.5,77.5,81.0,100.0,33.0,133.0,26.5,126.5,213.0,5.9,8.25,9.25,9.546875,11.16,3.34,35.0,26.9,7.2,2.0,6.7,29.6,0.7,2.8,23.5,2.6,3.4,76.5,0.5,2.0,2.4,3.7,1.1,0.5,1.6
85,Anthony Brown,2015.0,34.0,77.25,80.5,83.25,104.5,34.5,139.0,27.5,132.0,211.0,6.1,8.5,9.0,4.0,11.06,3.18,29.0,20.7,4.0,1.3,4.3,31.0,0.7,2.4,28.6,0.6,0.7,85.0,0.3,2.1,2.4,0.7,0.5,0.2,0.5
86,Bobby Portis,2015.0,22.0,81.5,82.5,86.0,108.5,31.5,140.0,25.0,133.5,246.0,8.9,9.5,9.25,5.0,11.71,3.56,62.0,17.8,7.0,3.0,7.0,42.7,0.3,0.8,30.8,0.8,1.1,72.7,2.0,3.5,5.4,0.8,0.4,0.3,0.9
87,Cameron Payne,2015.0,14.0,72.75,73.5,79.25,97.5,35.5,133.0,30.0,127.5,183.0,6.3,8.5,8.25,9.546875,10.89,3.28,57.0,12.2,5.0,2.0,4.9,41.0,0.6,1.9,32.4,0.3,0.4,79.2,0.2,1.3,1.5,1.9,0.6,0.1,0.8
88,Chris McCullough,2015.0,29.0,80.25,81.0,87.25,109.0,36.638888888888886,138.64444444444445,30.916666666666668,132.92222222222222,199.0,6.2,8.75,8.75,9.546875,11.233068181818185,3.292272727272726,24.0,15.1,4.7,1.8,4.5,40.4,0.5,1.4,38.2,0.5,1.0,47.8,1.0,1.8,2.8,0.4,1.2,0.5,0.6
89,D'Angelo Russell,2015.0,2.0,75.25,77.0,81.75,102.0,36.638888888888886,138.64444444444445,30.916666666666668,132.92222222222222,193.0,8.3,8.75,9.75,9.546875,11.233068181818185,3.292272727272726,80.0,28.2,13.2,4.9,12.0,41.0,1.6,4.6,35.1,1.8,2.4,73.7,0.6,2.8,3.4,3.3,1.2,0.2,2.5
90,Devin Booker,2015.0,13.0,76.5,77.75,80.25,102.5,34.5,137.0,27.5,130.0,206.0,8.3,8.75,9.0,8.0,10.22,3.28,76.0,27.7,13.8,4.8,11.4,42.3,1.3,3.8,34.3,2.8,3.4,84.0,0.4,2.1,2.5,2.6,0.6,0.3,2.1
91,Frank Kaminsky,2015.0,9.0,83.75,84.75,83.0,109.5,36.638888888888886,138.64444444444445,30.916666666666668,132.92222222222222,231.0,9.4,8.5,9.5,9.546875,11.233068181818185,3.292272727272726,81.0,21.1,7.5,2.7,6.5,41.0,0.8,2.5,33.7,1.3,1.8,73.0,0.9,3.3,4.1,1.2,0.5,0.5,0.7
92,Jarell Martin,2015.0,25.0,80.0,81.25,81.75,106.5,34.5,141.0,28.5,135.0,239.0,10.1,8.25,-1.0,19.0,11.12,3.27,27.0,14.1,5.7,2.0,4.3,46.6,0.0,0.1,0.0,1.7,2.3,72.6,1.4,1.7,3.2,0.6,0.3,0.3,0.7
93,Jerian Grant,2015.0,19.0,75.25,76.25,79.5,100.0,36.638888888888886,138.64444444444445,30.916666666666668,132.92222222222222,198.0,5.6,8.25,8.5,9.546875,11.233068181818185,3.292272727272726,76.0,16.6,5.6,2.0,5.1,39.4,0.3,1.3,22.0,1.3,1.6,78.0,0.3,1.6,1.9,2.3,0.7,0.1,1.1
94,Justin Anderson,2015.0,21.0,77.25,78.25,83.75,101.0,43.0,144.0,38.0,139.0,231.0,5.0,8.5,9.5,12.0,11.1,3.22,55.0,11.8,3.8,1.3,3.2,40.6,0.4,1.5,26.5,0.8,1.0,80.0,0.3,2.1,2.4,0.5,0.3,0.5,0.4
95,Justise Winslow,2015.0,10.0,76.5,78.5,82.25,104.5,36.638888888888886,138.64444444444445,30.916666666666668,132.92222222222222,222.0,5.3,8.5,9.25,9.546875,11.233068181818185,3.292272727272726,78.0,28.6,6.4,2.5,5.9,42.2,0.4,1.5,27.6,1.0,1.5,68.4,1.0,4.1,5.2,1.5,0.9,0.3,1.2
96,Kelly Oubre,2015.0,15.0,77.75,78.75,86.25,102.5,37.0,139.5,34.5,137.0,203.0,5.7,9.0,8.75,7.0,11.1,3.32,63.0,10.7,3.7,1.4,3.3,42.7,0.4,1.3,31.6,0.5,0.8,63.3,0.4,1.7,2.1,0.2,0.3,0.1,0.5
97,Larry Nance,2015.0,27.0,79.5,80.5,85.5,108.0,37.5,145.5,29.0,137.0,227.0,6.4,9.0,9.75,10.0,10.89,3.25,80.0,14.8,6.6,2.8,5.5,52.1,0.0,0.0,0.0,0.9,1.5,64.1,1.2,2.0,3.2,1.0,0.5,0.9,1.3
98,Marcus Thornton,2015.0,45.0,73.75,74.75,79.75,97.5,43.0,140.5,34.5,132.0,177.0,5.3,8.25,8.5,3.0,10.96,3.02,73.0,25.6,14.5,5.5,12.1,45.1,1.6,4.3,37.4,2.0,2.4,81.4,1.0,1.9,2.9,1.6,0.8,0.1,1.0
99,Myles Turner,2015.0,11.0,81.75,83.5,88.0,112.0,36.638888888888886,138.64444444444445,30.916666666666668,132.92222222222222,239.0,9.3,9.25,9.25,9.546875,11.233068181818185,3.292272727272726,60.0,22.8,10.3,4.4,8.8,49.8,0.1,0.2,21.4,1.5,2.0,72.7,1.1,4.4,5.5,0.7,0.4,1.4,1.1
100,Norman Powell,2015.0,46.0,75.0,76.25,82.75,102.5,40.5,143.0,32.5,135.0,215.0,6.4,9.25,9.0,5.0,10.76,3.2,49.0,14.8,5.6,2.0,4.7,42.4,0.7,1.8,40.4,0.9,1.1,81.1,0.3,1.9,2.3,1.0,0.6,0.2,0.7
101,Rashad Vaughn,2015.0,17.0,75.75,77.0,79.0,101.0,34.0,135.0,28.0,129.0,199.0,6.2,8.0,8.5,5.0,11.41,3.21,70.0,14.3,3.1,1.2,3.8,30.5,0.6,2.1,29.3,0.2,0.2,80.0,0.2,1.1,1.3,0.6,0.4,0.2,0.4
102,Richaun Holmes,2015.0,37.0,80.25,81.5,85.5,108.0,36.0,144.0,32.5,140.5,243.0,8.8,8.5,8.5,15.0,11.37,3.32,51.0,13.8,5.6,2.2,4.4,51.4,0.2,0.9,18.2,1.0,1.5,68.9,1.2,1.4,2.6,0.6,0.4,0.8,0.6
103,Rondae Hollis-Jefferson,2015.0,23.0,77.5,79.0,86.0,104.0,38.0,142.0,32.0,136.0,211.0,5.0,8.75,9.75,13.0,10.51,3.12,29.0,21.2,5.8,2.2,4.8,45.7,0.1,0.5,28.6,1.3,1.8,71.2,1.3,4.0,5.3,1.5,1.3,0.6,0.9
104,Stanley Johnson,2015.0,8.0,77.0,78.5,83.5,102.0,36.638888888888886,138.64444444444445,30.916666666666668,132.92222222222222,242.0,7.5,9.0,9.0,9.546875,11.233068181818185,3.292272727272726,73.0,23.1,8.1,3.1,8.2,37.5,0.9,2.8,30.7,1.1,1.4,78.4,0.8,3.4,4.2,1.6,0.8,0.2,1.6
105,T.J. McConnell,2015.0,24.01923076923077,72.5,74.0,74.0,96.5,31.5,128.0,26.0,122.5,188.0,7.3,7.5,7.0,7.0,10.84,3.3,81.0,19.8,6.1,2.7,5.7,47.0,0.4,1.1,34.8,0.3,0.5,63.4,0.5,2.6,3.1,4.5,1.2,0.1,1.7
106,Tyus Jones,2015.0,24.0,72.25,74.0,77.0,97.0,32.5,129.5,26.5,123.5,185.0,6.5,8.25,8.75,2.0,11.89,3.32,37.0,15.5,4.2,1.5,4.2,35.9,0.4,1.4,30.2,0.8,1.1,71.8,0.2,1.1,1.3,2.9,0.8,0.1,0.9
107,Willie Cauley-Stein,2015.0,6.0,83.25,84.5,87.0,111.0,36.638888888888886,138.64444444444445,30.916666666666668,132.92222222222222,242.0,6.3,9.5,9.0,9.546875,11.233068181818185,3.292272727272726,66.0,21.4,7.0,2.9,5.1,56.3,0.0,0.0,0.0,1.2,1.9,64.8,2.0,3.3,5.3,0.6,0.7,1.0,0.7
